{
    "feature_names": [
        "patient_age",
        "ZP_area",
        "area_range",
        "std_area",
        "BC_area",
        "mean_area",
        "ZP_perimeter",
        "TE_ICM_distance",
        "TE_centroid_y",
        "BC_perimeter",
        "BC_ZP_area_ratio",
        "ICM_perimeter",
        "ICM_area",
        "ICM_circularity",
        "ICM_eccentricity",
        "label"
    ],
    "mean": [
        37.991861197435966,
        66425.82950285249,
        180005.70438730583,
        97923.62133776266,
        176040.22966585166,
        69939.39568257185,
        3168.8289588774855,
        160.61300785739905,
        356.4506775692799,
        2240.2925879561017,
        229.78491723771126,
        698.1793073863856,
        33744.10855745721,
        0.4920525931568741,
        0.5601977894804093
    ],
    "std": [
        5.012667258394699,
        46927.469491349715,
        95850.60433384348,
        53544.489780264405,
        101635.61385682528,
        34955.760521376855,
        1644.950943767499,
        135.22732642714104,
        123.68270739801581,
        1014.3538904385108,
        3125.7356539756433,
        463.21149270076336,
        28161.928488539175,
        0.39158086471158576,
        0.3355132385149576
    ]
}